cluster_id,latitude,longitude,first_seen,last_seen,duration_hours,detection_count,average_frp,maximum_frp,average_brightness,detections_7d,detections_30d,unique_detection_days,persistence,confidence,primary_satellite,distance_to_center_km,detection_ids
EVENT_0001,30.591075,76.28558,2026-07-03 08:37,2026-07-03 08:37,0.0,2,5.6,5.75,333.88,2,2,1,Transient,nominal,N20,48.683,"['FIRMS_N20_20260703_0837_30.5921N_76.2865E', 'FIRMS_N20_20260703_0837_30.5901N_76.2847E']"
EVENT_0002,30.82466,76.13155,2026-07-05 07:58,2026-07-05 07:58,0.0,1,1.6,1.6,334.08,1,1,1,Transient,nominal,N20,22.96,['FIRMS_N20_20260705_0758_30.8247N_76.1316E']
EVENT_0003,30.89294,76.26231,2026-07-05 07:58,2026-07-05 07:58,0.0,1,3.45,3.45,338.89,1,1,1,Transient,nominal,N20,34.773,['FIRMS_N20_20260705_0758_30.8929N_76.2623E']
EVENT_0004,30.94462,76.20167,2026-07-05 07:58,2026-07-05 07:58,0.0,1,2.52,2.52,336.27,1,1,1,Transient,nominal,N20,29.925,['FIRMS_N20_20260705_0758_30.9446N_76.2017E']
EVENT_0005,30.92682,75.63877,2026-07-06 07:41,2026-07-06 07:41,0.0,1,3.19,3.19,337.66,1,1,1,Transient,nominal,N20,25.425,['FIRMS_N20_20260706_0741_30.9268N_75.6388E']
EVENT_0006,30.91256,75.52628,2026-07-06 07:41,2026-07-06 07:41,0.0,1,2.21,2.21,334.64,1,1,1,Transient,nominal,N20,35.752,['FIRMS_N20_20260706_0741_30.9126N_75.5263E']
EVENT_0007,30.84489,75.59411,2026-07-07 07:24,2026-07-07 07:24,0.0,1,3.81,3.81,343.61,1,1,1,Transient,nominal,N20,29.253,['FIRMS_N20_20260707_0724_30.8449N_75.5941E']
EVENT_0008,31.02118,75.56987,2026-07-07 07:24,2026-07-07 07:24,0.0,1,2.16,2.16,336.5,1,1,1,Transient,nominal,N20,35.27,['FIRMS_N20_20260707_0724_31.0212N_75.5699E']
EVENT_0009,30.92034,75.56538,2026-07-09 08:26,2026-07-09 08:26,0.0,1,1.86,1.86,332.22,1,1,1,Transient,nominal,N20,32.169,['FIRMS_N20_20260709_0826_30.9203N_75.5654E']
EVENT_0010,31.06181,75.4504,2026-07-09 08:26,2026-07-09 08:26,0.0,1,5.37,5.37,332.79,1,1,1,Transient,nominal,N20,47.474,['FIRMS_N20_20260709_0826_31.0618N_75.4504E']
EVENT_0011,31.06116,75.44482,2026-07-09 08:26,2026-07-09 08:26,0.0,1,5.37,5.37,331.38,1,1,1,Transient,nominal,N20,47.922,['FIRMS_N20_20260709_0826_31.0612N_75.4448E']
EVENT_0012,30.68641,75.71434,2026-07-10 08:07,2026-07-10 08:07,0.0,1,6.06,6.06,345.98,1,1,1,Transient,nominal,N20,27.425,['FIRMS_N20_20260710_0807_30.6864N_75.7143E']
EVENT_0013,30.91553,75.65636,2026-07-10 08:07,2026-07-10 08:07,0.0,1,4.26,4.26,345.26,1,1,1,Transient,nominal,N20,23.525,['FIRMS_N20_20260710_0807_30.9155N_75.6564E']
EVENT_0014,30.91224,75.56654,2026-07-10 08:07,2026-07-10 08:07,0.0,1,4.15,4.15,343.92,1,1,1,Transient,nominal,N20,31.934,['FIRMS_N20_20260710_0807_30.9122N_75.5665E']
EVENT_0015,30.90104,75.42482,2026-07-10 08:07,2026-07-10 08:07,0.0,1,1.87,1.87,334.52,1,1,1,Transient,nominal,N20,45.287,['FIRMS_N20_20260710_0807_30.9010N_75.4248E']
EVENT_0016,31.01557,75.46362,2026-07-10 08:07,2026-07-10 08:07,0.0,1,1.88,1.88,335.78,1,1,1,Transient,nominal,N20,44.295,['FIRMS_N20_20260710_0807_31.0156N_75.4636E']
EVENT_0017,31.13899,75.49283,2026-07-10 08:07,2026-07-10 08:07,0.0,1,4.03,4.03,342.72,1,1,1,Transient,nominal,N20,48.5,['FIRMS_N20_20260710_0807_31.1390N_75.4928E']
EVENT_0018,30.77537,76.21571,2026-07-15 08:13,2026-07-15 08:13,0.0,1,2.26,2.26,335.57,1,1,1,Transient,nominal,N20,32.277,['FIRMS_N20_20260715_0813_30.7754N_76.2157E']
EVENT_0019,30.88434,76.14273,2026-07-15 08:13,2026-07-15 08:13,0.0,1,2.61,2.61,333.51,1,1,1,Transient,nominal,N20,23.329,['FIRMS_N20_20260715_0813_30.8843N_76.1427E']
EVENT_0020,30.90398,76.18416,2026-07-15 08:13,2026-07-15 08:13,0.0,1,3.85,3.85,334.31,1,1,1,Transient,nominal,N20,27.442,['FIRMS_N20_20260715_0813_30.9040N_76.1842E']
EVENT_0021,30.90742,76.18354,2026-07-15 08:13,2026-07-15 08:13,0.0,1,7.42,7.42,336.96,1,1,1,Transient,nominal,N20,27.429,['FIRMS_N20_20260715_0813_30.9074N_76.1835E']
EVENT_0022,30.90927,75.40314,2026-07-15 08:13,2026-07-15 08:13,0.0,1,3.0,3.0,337.06,1,1,1,Transient,nominal,N20,47.413,['FIRMS_N20_20260715_0813_30.9093N_75.4031E']
EVENT_0023,31.06244,75.52641,2026-07-15 08:13,2026-07-15 08:13,0.0,1,3.65,3.65,341.68,1,1,1,Transient,nominal,N20,41.109,['FIRMS_N20_20260715_0813_31.0624N_75.5264E']
EVENT_0024,30.88996,75.90708,2026-07-15 20:38,2026-07-15 20:38,0.0,1,0.87,0.87,309.23,1,1,1,Transient,nominal,N20,1.793,['FIRMS_N20_20260715_2038_30.8900N_75.9071E']
EVENT_0025,30.91678,75.4222,2026-07-16 07:54,2026-07-16 07:54,0.0,1,4.42,4.42,335.42,1,1,1,Transient,low,N20,45.675,['FIRMS_N20_20260716_0754_30.9168N_75.4222E']
EVENT_0026,30.73457,76.22543,2026-07-16 07:54,2026-07-16 07:54,0.0,1,4.6,4.6,339.6,1,1,1,Transient,nominal,N20,34.944,['FIRMS_N20_20260716_0754_30.7346N_76.2254E']
EVENT_0027,30.85322,75.52117,2026-07-17 07:35,2026-07-17 07:35,0.0,1,10.45,10.45,352.16,1,1,1,Transient,nominal,N20,36.1,['FIRMS_N20_20260717_0735_30.8532N_75.5212E']
EVENT_0028,31.01746,75.52035,2026-07-18 07:18,2026-07-18 07:18,0.0,1,3.27,3.27,330.64,1,1,1,Transient,nominal,N20,39.359,['FIRMS_N20_20260718_0718_31.0175N_75.5203E']
EVENT_0029,30.80121,75.47137,2026-08-16 08:13,2026-08-16 08:13,0.0,1,2.36,2.36,334.22,1,1,1,Transient,nominal,N20,41.609,['FIRMS_N20_20260816_0813_30.8012N_75.4714E']
EVENT_0030,30.66109,76.31641,2026-09-01 08:13,2026-09-01 08:13,0.0,1,3.62,3.62,334.5,1,1,1,Transient,nominal,N20,46.513,['FIRMS_N20_20260901_0813_30.6611N_76.3164E']
EVENT_0031,30.9613,76.23922,2026-09-13 07:50,2026-09-13 07:50,0.0,1,4.73,4.73,336.78,1,1,1,Transient,nominal,N20,33.872,['FIRMS_N20_20260913_0750_30.9613N_76.2392E']
EVENT_0032,30.95447,75.87242,2026-09-13 20:14,2026-09-13 20:14,0.0,1,1.38,1.38,304.27,1,1,1,Transient,nominal,N20,9.113,['FIRMS_N20_20260913_2014_30.9545N_75.8724E']
